Feature,Importance
Rt,0.4220055434165462
growth_4w,0.27767577780371283
zscore,0.11432316153998526
roll4_std,0.06006888661448465
roll2_mean,0.03438317794049009
growth_1w,0.030602712175719707
lag_1,0.013904528739086503
roll4_mean,0.012405305838843432
roll8_mean,0.006852646570279123
lag_6,0.006500706938278514
lag_5,0.005790306902767806
lag_4,0.00438569439925021
lag_3,0.0034480574853200806
lag_2,0.0029870437614459015
week_sin,0.002819941352788598
week_cos,0.0018465085210011185
