Feature,Importance
Rt,0.4229403539167795
growth_4w,0.28275318195095955
zscore,0.11556510777674837
roll4_std,0.05707946701804787
roll2_mean,0.034964424718050856
growth_1w,0.029089226743139254
lag_1,0.013229046952593268
roll4_mean,0.010722255203249074
roll8_mean,0.007677162650021888
lag_6,0.005238697529674252
lag_5,0.005214557994662212
lag_4,0.0039931529238202805
lag_3,0.0036700346749404997
lag_2,0.003575043398508803
week_sin,0.002509683586341979
week_cos,0.0017786029624622555
